<?xml version = '1.0' encoding = 'UTF-8'?>
<Diagram class="oracle.dbtools.crest.swingui.relational.DPVRelational" name="Relational_1" id="43BEB51C-5275-35F7-FCA6-076E9E5AA508">
<createdBy>labsfiap</createdBy>
<modifiedBy>labsfiap</modifiedBy>
<createdTime>2025-09-09 12:18:11 UTC</createdTime>
<autoRoute>false</autoRoute>
<boxInbox>true</boxInbox>
<showLegend>false</showLegend>
<showLabels>false</showLabels>
<showRelAttributes>false</showRelAttributes>
<gridEnabled>false</gridEnabled>
<showGrid>false</showGrid>
<diagramColor>-1</diagramColor>
<display>false</display>
<notation>1</notation>
<objectViews>
<OView class="oracle.dbtools.crest.swingui.relational.TVTable" oid="6B937EDB-A60D-4EC1-F262-D34EF2B9607A" otype="Table" vid="C5517715-A482-C8A2-E2AF-82453E5EBF2F">
<hideElementsInCurrentOnly>false</hideElementsInCurrentOnly>
<bounds x="463" y="11" width="205" height="132"/>
</OView>
<OView class="oracle.dbtools.crest.swingui.relational.TVTable" oid="97CCFAA6-8943-B749-BBFA-8C9FA377992B" otype="Table" vid="328451F6-6958-C027-21B5-140D0CF9533C">
<hideElementsInCurrentOnly>false</hideElementsInCurrentOnly>
<bounds x="264" y="14" width="160" height="89"/>
</OView>
<OView class="oracle.dbtools.crest.swingui.relational.TVTable" oid="F2D3BAC8-14DD-4ED2-A76F-DC0663212209" otype="Table" vid="C4339FD7-5926-BC1E-88EC-8134225BA676">
<hideElementsInCurrentOnly>false</hideElementsInCurrentOnly>
<bounds x="9" y="11" width="222" height="106"/>
</OView>
</objectViews>
<connectors>
<Connector class="oracle.dbtools.crest.swingui.relational.TVFKRelation" oid="1FBE02BD-52D7-EC00-4E4C-B688DA298C02" otype="FKIndexAssociation" vid_source="328451F6-6958-C027-21B5-140D0CF9533C" vid_target="C4339FD7-5926-BC1E-88EC-8134225BA676">
<hideElementsInCurrentOnly>false</hideElementsInCurrentOnly>
<backgroundColor>-16777216</backgroundColor>
<lineWidth>1</lineWidth>
<points>
<point x="264" y="58"/>
<point x="231" y="58"/>
</points>
</Connector>
<Connector class="oracle.dbtools.crest.swingui.relational.TVFKRelation" oid="E791E64B-E981-A580-EE96-039EB33520FF" otype="FKIndexAssociation" vid_source="328451F6-6958-C027-21B5-140D0CF9533C" vid_target="C5517715-A482-C8A2-E2AF-82453E5EBF2F">
<hideElementsInCurrentOnly>false</hideElementsInCurrentOnly>
<backgroundColor>-16777216</backgroundColor>
<lineWidth>1</lineWidth>
<points>
<point x="424" y="58"/>
<point x="463" y="58"/>
</points>
</Connector>
</connectors>
</Diagram>