<?xml version = '1.0' encoding = 'UTF-8'?>
<Relation class="oracle.dbtools.crest.model.design.logical.Relation" name="Relation_9" directorySegmentName="seg_0" id="0301C526-FB3A-E7B5-C53E-3E6B4320E5FD">
<createdBy>lulz_user</createdBy>
<createdTime>2025-09-28 21:37:27 UTC</createdTime>
<ownerDesignName>sprint3</ownerDesignName>
<engineerTo>
<item key="FC8ADF0A-210F-F155-6723-745ED5F562C0" value="true"/>
</engineerTo>
<sourcePk>30886F93-3C91-AE6A-2781-EAE62A2CFFDE</sourcePk>
<identifying>true</identifying>
<optionalSource>true</optionalSource>
<optionalTarget>false</optionalTarget>
<sourceCardinality>1</sourceCardinality>
<sourceEntity>6767C68B-5B0E-C940-826F-00D558FE443C</sourceEntity>
<targetCardinalityString>*</targetCardinalityString>
<targetEntity>A0F7EED9-1FBC-3517-E22A-0BE19297DEF1</targetEntity>
<transferable>true</transferable>
<deleteRule>NO ACTION</deleteRule>
</Relation>