<?xml version = '1.0' encoding = 'UTF-8'?>
<FKIndexAssociation class="oracle.dbtools.crest.model.design.relational.FKIndexAssociation" directorySegmentName="seg_0" id="1FBE02BD-52D7-EC00-4E4C-B688DA298C02" containerWithKeyObject="F2D3BAC8-14DD-4ED2-A76F-DC0663212209" localFKIndex="C3127E07-E288-E151-6EE0-AA72E2E44FB2" name="consulta_paciente_FK">
<createdBy>lulz_user</createdBy>
<createdTime>2025-09-28 21:41:59 UTC</createdTime>
<generatorID>0301C526-FB3A-E7B5-C53E-3E6B4320E5FD</generatorID>
<ownerDesignName>sprint3</ownerDesignName>
<referredTableLongName>paciente</referredTableLongName>
<deleteRule>NO ACTION</deleteRule>
<referredTableID>97CCFAA6-8943-B749-BBFA-8C9FA377992B</referredTableID>
<keyObject>AB7C78CA-E4BE-56D2-705F-3B7DF55DD706</keyObject>
<referredKeyID>AB7C78CA-E4BE-56D2-705F-3B7DF55DD706</referredKeyID>
<mandatory>true</mandatory>
<refColNames>id_paci</refColNames>
<transferable>true</transferable>
<rely>false</rely>
<columnDependencyConstraintGenerateInDDL>true</columnDependencyConstraintGenerateInDDL>
</FKIndexAssociation>