<?xml version = '1.0' encoding = 'UTF-8'?>
<FKIndexAssociation class="oracle.dbtools.crest.model.design.relational.FKIndexAssociation" directorySegmentName="seg_0" id="E791E64B-E981-A580-EE96-039EB33520FF" containerWithKeyObject="6B937EDB-A60D-4EC1-F262-D34EF2B9607A" localFKIndex="A983531A-8C3A-CE4B-1401-CC4D37AB47FA" name="receita_paciente_FK">
<createdBy>lulz_user</createdBy>
<createdTime>2025-09-28 21:41:59 UTC</createdTime>
<generatorID>02A78CAE-5E29-24DA-28A7-E32632900222</generatorID>
<ownerDesignName>sprint3</ownerDesignName>
<referredTableLongName>paciente</referredTableLongName>
<deleteRule>NO ACTION</deleteRule>
<referredTableID>97CCFAA6-8943-B749-BBFA-8C9FA377992B</referredTableID>
<keyObject>AB7C78CA-E4BE-56D2-705F-3B7DF55DD706</keyObject>
<referredKeyID>AB7C78CA-E4BE-56D2-705F-3B7DF55DD706</referredKeyID>
<mandatory>true</mandatory>
<refColNames>id_paci</refColNames>
<transferable>true</transferable>
<rely>false</rely>
<columnDependencyConstraintGenerateInDDL>true</columnDependencyConstraintGenerateInDDL>
</FKIndexAssociation>