<?xml version = '1.0' encoding = 'UTF-8'?>
<Entity class="oracle.dbtools.crest.model.design.logical.Entity" directorySegmentName="seg_0" id="6767C68B-5B0E-C940-826F-00D558FE443C" name="paciente">
<createdBy>labsfiap</createdBy>
<createdTime>2025-09-09 11:10:10 UTC</createdTime>
<ownerDesignName>sprint3</ownerDesignName>
<engineerTo>
<item key="FC8ADF0A-210F-F155-6723-745ED5F562C0" value="true"/>
</engineerTo>
<adequatelyNormalized>NO</adequatelyNormalized>
<expectedVolumes>0</expectedVolumes>
<fwdEngineeringStrategyName>Single Table</fwdEngineeringStrategyName>
<growthPercent>0</growthPercent>
<growthType>Year</growthType>
<maxVolumes>9999999</maxVolumes>
<minVolumes>0</minVolumes>
<normalForm>Third</normalForm>
<attributes itemClass="oracle.dbtools.crest.model.design.logical.Attribute">
<Attribute name="id_paci" id="0D9D5F23-9520-7987-C87B-EB7C94874096">
<createdBy>labsfiap</createdBy>
<createdTime>2025-09-09 11:11:03 UTC</createdTime>
<ownerDesignName>sprint3</ownerDesignName>
<engineerTo>
<item key="FC8ADF0A-210F-F155-6723-745ED5F562C0" value="true"/>
</engineerTo>
<useDomainConstraints>false</useDomainConstraints>
<use>1</use>
<logicalDatatype>LOGDT019</logicalDatatype>
<dataTypePrecision>3</dataTypePrecision>
<ownDataTypeParameters>,3,</ownDataTypeParameters>
</Attribute>
<Attribute name="nm_paci" id="5C52F6D0-A05C-618D-4698-D7BC900A2130">
<createdBy>labsfiap</createdBy>
<createdTime>2025-09-09 11:11:25 UTC</createdTime>
<ownerDesignName>sprint3</ownerDesignName>
<engineerTo>
<item key="FC8ADF0A-210F-F155-6723-745ED5F562C0" value="true"/>
</engineerTo>
<useDomainConstraints>false</useDomainConstraints>
<use>1</use>
<logicalDatatype>LOGDT024</logicalDatatype>
<dataTypeSize>40</dataTypeSize>
<ownDataTypeParameters>40,,</ownDataTypeParameters>
</Attribute>
<Attribute name="cpf" id="E0B86D3F-AA01-F0BB-38BD-04C1ED30D14A">
<createdBy>labsfiap</createdBy>
<createdTime>2025-09-09 11:13:23 UTC</createdTime>
<ownerDesignName>sprint3</ownerDesignName>
<engineerTo>
<item key="FC8ADF0A-210F-F155-6723-745ED5F562C0" value="true"/>
</engineerTo>
<useDomainConstraints>false</useDomainConstraints>
<use>1</use>
<logicalDatatype>LOGDT019</logicalDatatype>
<dataTypePrecision>11</dataTypePrecision>
<ownDataTypeParameters>,11,</ownDataTypeParameters>
</Attribute>
<Attribute name="senha" id="3E877DAA-756E-87CE-4D85-8B747C50F22A">
<createdBy>labsfiap</createdBy>
<createdTime>2025-09-09 11:13:56 UTC</createdTime>
<ownerDesignName>sprint3</ownerDesignName>
<engineerTo>
<item key="FC8ADF0A-210F-F155-6723-745ED5F562C0" value="true"/>
</engineerTo>
<useDomainConstraints>false</useDomainConstraints>
<use>1</use>
<logicalDatatype>LOGDT024</logicalDatatype>
<dataTypeSize>10</dataTypeSize>
<ownDataTypeParameters>10,,</ownDataTypeParameters>
</Attribute>
</attributes>
<identifiers itemClass="oracle.dbtools.crest.model.design.logical.CandidateKey">
<identifier id="30886F93-3C91-AE6A-2781-EAE62A2CFFDE" name="paciente PK">
<createdBy>labsfiap</createdBy>
<createdTime>2025-09-09 11:11:22 UTC</createdTime>
<ownerDesignName>sprint3</ownerDesignName>
<engineerTo>
<item key="FC8ADF0A-210F-F155-6723-745ED5F562C0" value="true"/>
</engineerTo>
<pk>true</pk>
<usedAttributes>
<attributeRef>0D9D5F23-9520-7987-C87B-EB7C94874096</attributeRef>
</usedAttributes>
</identifier>
</identifiers>
</Entity>