<?xml version = '1.0' encoding = 'UTF-8'?>
<Entity class="oracle.dbtools.crest.model.design.logical.Entity" directorySegmentName="seg_0" id="A0F7EED9-1FBC-3517-E22A-0BE19297DEF1" name="consulta">
<createdBy>lulz_user</createdBy>
<createdTime>2025-09-28 21:34:10 UTC</createdTime>
<ownerDesignName>sprint3</ownerDesignName>
<engineerTo>
<item key="FC8ADF0A-210F-F155-6723-745ED5F562C0" value="true"/>
</engineerTo>
<adequatelyNormalized>NO</adequatelyNormalized>
<expectedVolumes>0</expectedVolumes>
<fwdEngineeringStrategyName>Single Table</fwdEngineeringStrategyName>
<growthPercent>0</growthPercent>
<growthType>Year</growthType>
<maxVolumes>9999999</maxVolumes>
<minVolumes>0</minVolumes>
<normalForm>Third</normalForm>
<attributes itemClass="oracle.dbtools.crest.model.design.logical.Attribute">
<Attribute name="id_consulta" id="C49ADB22-E807-8D0F-EF3B-9999965165F9">
<createdBy>lulz_user</createdBy>
<createdTime>2025-09-28 21:34:15 UTC</createdTime>
<ownerDesignName>sprint3</ownerDesignName>
<engineerTo>
<item key="FC8ADF0A-210F-F155-6723-745ED5F562C0" value="true"/>
</engineerTo>
<useDomainConstraints>false</useDomainConstraints>
<use>1</use>
<logicalDatatype>LOGDT019</logicalDatatype>
<dataTypePrecision>8</dataTypePrecision>
<ownDataTypeParameters>,8,</ownDataTypeParameters>
</Attribute>
<Attribute name="medicamento" id="A8B31834-72A6-D564-CD31-968F24413847">
<createdBy>lulz_user</createdBy>
<createdTime>2025-09-28 21:36:18 UTC</createdTime>
<ownerDesignName>sprint3</ownerDesignName>
<engineerTo>
<item key="FC8ADF0A-210F-F155-6723-745ED5F562C0" value="true"/>
</engineerTo>
<useDomainConstraints>false</useDomainConstraints>
<use>1</use>
<logicalDatatype>LOGDT024</logicalDatatype>
<dataTypeSize>50</dataTypeSize>
<ownDataTypeParameters>50,,</ownDataTypeParameters>
</Attribute>
<Attribute name="prescricao" id="A51F24AA-5628-13A3-3A07-F515B477AB93">
<createdBy>lulz_user</createdBy>
<createdTime>2025-09-28 21:36:36 UTC</createdTime>
<ownerDesignName>sprint3</ownerDesignName>
<engineerTo>
<item key="FC8ADF0A-210F-F155-6723-745ED5F562C0" value="true"/>
</engineerTo>
<useDomainConstraints>false</useDomainConstraints>
<use>1</use>
<logicalDatatype>LOGDT024</logicalDatatype>
<dataTypeSize>200</dataTypeSize>
<ownDataTypeParameters>200,,</ownDataTypeParameters>
</Attribute>
<Attribute name="id_paci" id="8E9886F7-A23F-22C4-75EA-AD5BEEAC26E0">
<createdBy>lulz_user</createdBy>
<createdTime>2025-09-28 21:37:27 UTC</createdTime>
<generatorID>0301C526-FB3A-E7B5-C53E-3E6B4320E5FD</generatorID>
<ownerDesignName>sprint3</ownerDesignName>
<engineerTo>
<item key="FC8ADF0A-210F-F155-6723-745ED5F562C0" value="true"/>
</engineerTo>
<referedAttribute>0D9D5F23-9520-7987-C87B-EB7C94874096</referedAttribute>
<useDomainConstraints>false</useDomainConstraints>
<use>1</use>
<logicalDatatype>LOGDT019</logicalDatatype>
<dataTypePrecision>3</dataTypePrecision>
<ownDataTypeParameters>,,</ownDataTypeParameters>
</Attribute>
</attributes>
<identifiers itemClass="oracle.dbtools.crest.model.design.logical.CandidateKey">
<identifier id="5F997194-F34C-4256-F704-4F8A2BE1E89B" name="consulta PK">
<createdBy>lulz_user</createdBy>
<createdTime>2025-09-28 21:36:01 UTC</createdTime>
<ownerDesignName>sprint3</ownerDesignName>
<engineerTo>
<item key="FC8ADF0A-210F-F155-6723-745ED5F562C0" value="true"/>
</engineerTo>
<pk>true</pk>
<usedAttributes>
<attributeRef>C49ADB22-E807-8D0F-EF3B-9999965165F9</attributeRef>
<attributeRef>8E9886F7-A23F-22C4-75EA-AD5BEEAC26E0</attributeRef>
</usedAttributes>
</identifier>
</identifiers>
</Entity>