<?xml version = '1.0' encoding = 'UTF-8'?>
<Entity class="oracle.dbtools.crest.model.design.logical.Entity" directorySegmentName="seg_0" id="CA6126C5-9F7A-FF1C-CA09-E0E7E2A86261" name="receita">
<createdBy>lulz_user</createdBy>
<createdTime>2025-09-28 21:38:03 UTC</createdTime>
<ownerDesignName>sprint3</ownerDesignName>
<engineerTo>
<item key="FC8ADF0A-210F-F155-6723-745ED5F562C0" value="true"/>
</engineerTo>
<adequatelyNormalized>NO</adequatelyNormalized>
<expectedVolumes>0</expectedVolumes>
<fwdEngineeringStrategyName>Single Table</fwdEngineeringStrategyName>
<growthPercent>0</growthPercent>
<growthType>Year</growthType>
<maxVolumes>9999999</maxVolumes>
<minVolumes>0</minVolumes>
<normalForm>Third</normalForm>
<attributes itemClass="oracle.dbtools.crest.model.design.logical.Attribute">
<Attribute name="id_receita" id="8CC8FF87-D047-0AAB-02F3-5C699BDA1B22">
<createdBy>lulz_user</createdBy>
<createdTime>2025-09-28 21:38:12 UTC</createdTime>
<ownerDesignName>sprint3</ownerDesignName>
<engineerTo>
<item key="FC8ADF0A-210F-F155-6723-745ED5F562C0" value="true"/>
</engineerTo>
<useDomainConstraints>false</useDomainConstraints>
<use>1</use>
<logicalDatatype>LOGDT019</logicalDatatype>
<dataTypePrecision>8</dataTypePrecision>
<ownDataTypeParameters>,8,</ownDataTypeParameters>
</Attribute>
<Attribute name="nome_med" id="F3BC51C3-9283-B06B-624F-982EE09B21D3">
<createdBy>lulz_user</createdBy>
<createdTime>2025-09-28 21:38:32 UTC</createdTime>
<ownerDesignName>sprint3</ownerDesignName>
<engineerTo>
<item key="FC8ADF0A-210F-F155-6723-745ED5F562C0" value="true"/>
</engineerTo>
<useDomainConstraints>false</useDomainConstraints>
<use>1</use>
<logicalDatatype>LOGDT024</logicalDatatype>
<dataTypeSize>50</dataTypeSize>
<ownDataTypeParameters>50,,</ownDataTypeParameters>
</Attribute>
<Attribute name="horario" id="812423FE-D132-876B-FF0D-BEB9A85AEDF5">
<createdBy>lulz_user</createdBy>
<createdTime>2025-09-28 21:38:51 UTC</createdTime>
<ownerDesignName>sprint3</ownerDesignName>
<engineerTo>
<item key="FC8ADF0A-210F-F155-6723-745ED5F562C0" value="true"/>
</engineerTo>
<useDomainConstraints>false</useDomainConstraints>
<use>1</use>
<logicalDatatype>LOGDT008</logicalDatatype>
<ownDataTypeParameters>,,</ownDataTypeParameters>
</Attribute>
<Attribute name="local" id="827F830A-48BF-382F-2671-A284526F8BC5">
<createdBy>lulz_user</createdBy>
<createdTime>2025-09-28 21:39:25 UTC</createdTime>
<ownerDesignName>sprint3</ownerDesignName>
<engineerTo>
<item key="FC8ADF0A-210F-F155-6723-745ED5F562C0" value="true"/>
</engineerTo>
<nullsAllowed>true</nullsAllowed>
<useDomainConstraints>false</useDomainConstraints>
<use>1</use>
<logicalDatatype>LOGDT024</logicalDatatype>
<dataTypeSize>50</dataTypeSize>
<ownDataTypeParameters>50,,</ownDataTypeParameters>
</Attribute>
<Attribute name="observacao" id="17BA4564-F160-181E-14C7-85BEB616C95A">
<createdBy>lulz_user</createdBy>
<createdTime>2025-09-28 21:39:46 UTC</createdTime>
<ownerDesignName>sprint3</ownerDesignName>
<engineerTo>
<item key="FC8ADF0A-210F-F155-6723-745ED5F562C0" value="true"/>
</engineerTo>
<nullsAllowed>true</nullsAllowed>
<useDomainConstraints>false</useDomainConstraints>
<use>1</use>
<logicalDatatype>LOGDT024</logicalDatatype>
<dataTypeSize>50</dataTypeSize>
<ownDataTypeParameters>50,,</ownDataTypeParameters>
</Attribute>
<Attribute name="id_paci" id="1E792B85-7AA4-19D4-9649-B4E2C31E8AEC">
<createdBy>lulz_user</createdBy>
<createdTime>2025-09-28 21:40:20 UTC</createdTime>
<generatorID>02A78CAE-5E29-24DA-28A7-E32632900222</generatorID>
<ownerDesignName>sprint3</ownerDesignName>
<engineerTo>
<item key="FC8ADF0A-210F-F155-6723-745ED5F562C0" value="true"/>
</engineerTo>
<referedAttribute>0D9D5F23-9520-7987-C87B-EB7C94874096</referedAttribute>
<useDomainConstraints>false</useDomainConstraints>
<use>1</use>
<logicalDatatype>LOGDT019</logicalDatatype>
<dataTypePrecision>3</dataTypePrecision>
<ownDataTypeParameters>,,</ownDataTypeParameters>
</Attribute>
</attributes>
<identifiers itemClass="oracle.dbtools.crest.model.design.logical.CandidateKey">
<identifier id="06153A19-429C-83B1-A63E-92967C08E441" name="receita PK">
<createdBy>lulz_user</createdBy>
<createdTime>2025-09-28 21:38:30 UTC</createdTime>
<ownerDesignName>sprint3</ownerDesignName>
<engineerTo>
<item key="FC8ADF0A-210F-F155-6723-745ED5F562C0" value="true"/>
</engineerTo>
<pk>true</pk>
<usedAttributes>
<attributeRef>8CC8FF87-D047-0AAB-02F3-5C699BDA1B22</attributeRef>
<attributeRef>1E792B85-7AA4-19D4-9649-B4E2C31E8AEC</attributeRef>
</usedAttributes>
</identifier>
</identifiers>
</Entity>