<?xml version = '1.0' encoding = 'UTF-8'?>
<Table class="oracle.dbtools.crest.model.design.relational.Table" directorySegmentName="seg_0" id="6B937EDB-A60D-4EC1-F262-D34EF2B9607A" name="receita">
<createdBy>lulz_user</createdBy>
<createdTime>2025-09-28 21:41:59 UTC</createdTime>
<generatorID>CA6126C5-9F7A-FF1C-CA09-E0E7E2A86261</generatorID>
<ownerDesignName>sprint3</ownerDesignName>
<allowColumnReorder>false</allowColumnReorder>
<existDependencyGenerateInDDl>true</existDependencyGenerateInDDl>
<parsed>true</parsed>
<columns itemClass="oracle.dbtools.crest.model.design.relational.Column">
<Column name="id_receita" id="A3B9C904-69B3-E42B-A657-1A5B7AF3D5BE">
<createdBy>lulz_user</createdBy>
<createdTime>2025-09-28 21:41:59 UTC</createdTime>
<generatorID>8CC8FF87-D047-0AAB-02F3-5C699BDA1B22</generatorID>
<ownerDesignName>sprint3</ownerDesignName>
<useDomainConstraints>false</useDomainConstraints>
<use>1</use>
<logicalDatatype>LOGDT019</logicalDatatype>
<dataTypePrecision>8</dataTypePrecision>
<ownDataTypeParameters>,8,</ownDataTypeParameters>
<autoIncrementCycle>false</autoIncrementCycle>
</Column>
<Column name="nome_med" id="46236F07-8517-7310-1ACB-690D1800E58B">
<createdBy>lulz_user</createdBy>
<createdTime>2025-09-28 21:41:59 UTC</createdTime>
<generatorID>F3BC51C3-9283-B06B-624F-982EE09B21D3</generatorID>
<ownerDesignName>sprint3</ownerDesignName>
<useDomainConstraints>false</useDomainConstraints>
<use>1</use>
<logicalDatatype>LOGDT024</logicalDatatype>
<dataTypeSize>50</dataTypeSize>
<ownDataTypeParameters>50,,</ownDataTypeParameters>
<autoIncrementCycle>false</autoIncrementCycle>
</Column>
<Column name="horario" id="1E1C3410-21E6-6E7F-93ED-FA984115D0BF">
<createdBy>lulz_user</createdBy>
<createdTime>2025-09-28 21:41:59 UTC</createdTime>
<generatorID>812423FE-D132-876B-FF0D-BEB9A85AEDF5</generatorID>
<ownerDesignName>sprint3</ownerDesignName>
<useDomainConstraints>false</useDomainConstraints>
<use>1</use>
<logicalDatatype>LOGDT008</logicalDatatype>
<ownDataTypeParameters>,,</ownDataTypeParameters>
<autoIncrementCycle>false</autoIncrementCycle>
</Column>
<Column name="local" id="319D0811-5C96-9E24-B883-6FC972973409">
<createdBy>lulz_user</createdBy>
<createdTime>2025-09-28 21:41:59 UTC</createdTime>
<generatorID>827F830A-48BF-382F-2671-A284526F8BC5</generatorID>
<ownerDesignName>sprint3</ownerDesignName>
<nullsAllowed>true</nullsAllowed>
<useDomainConstraints>false</useDomainConstraints>
<use>1</use>
<logicalDatatype>LOGDT024</logicalDatatype>
<dataTypeSize>50</dataTypeSize>
<ownDataTypeParameters>50,,</ownDataTypeParameters>
<autoIncrementCycle>false</autoIncrementCycle>
</Column>
<Column name="observacao" id="A4583E2B-DBFC-5AAC-9E6F-03D8C28BA25B">
<createdBy>lulz_user</createdBy>
<createdTime>2025-09-28 21:41:59 UTC</createdTime>
<generatorID>17BA4564-F160-181E-14C7-85BEB616C95A</generatorID>
<ownerDesignName>sprint3</ownerDesignName>
<nullsAllowed>true</nullsAllowed>
<useDomainConstraints>false</useDomainConstraints>
<use>1</use>
<logicalDatatype>LOGDT024</logicalDatatype>
<dataTypeSize>50</dataTypeSize>
<ownDataTypeParameters>50,,</ownDataTypeParameters>
<autoIncrementCycle>false</autoIncrementCycle>
</Column>
<Column name="paciente_id_paci" id="6793704F-5BB2-B3F2-BFBE-5E8815FD1C74">
<createdBy>lulz_user</createdBy>
<createdTime>2025-09-28 21:41:59 UTC</createdTime>
<generatorID>1E792B85-7AA4-19D4-9649-B4E2C31E8AEC</generatorID>
<ownerDesignName>sprint3</ownerDesignName>
<useDomainConstraints>false</useDomainConstraints>
<use>1</use>
<logicalDatatype>LOGDT019</logicalDatatype>
<dataTypePrecision>3</dataTypePrecision>
<ownDataTypeParameters>,,</ownDataTypeParameters>
<previousColumn>false</previousColumn>
<autoIncrementCycle>false</autoIncrementCycle>
<associations>
<colAssociation fkAssociation="E791E64B-E981-A580-EE96-039EB33520FF" referredColumn="1491006B-9EB6-9012-9B3C-73770D197E20"/>
</associations>
</Column>
</columns>
<indexes itemClass="oracle.dbtools.crest.model.design.relational.Index">
<ind_PK_UK id="C824B1CD-8651-AEC1-B70F-FFD6350215B0" name="receita_PK">
<createdBy>lulz_user</createdBy>
<createdTime>2025-09-28 21:41:59 UTC</createdTime>
<generatorID>06153A19-429C-83B1-A63E-92967C08E441</generatorID>
<ownerDesignName>sprint3</ownerDesignName>
<pk>true</pk>
<indexState>Primary Constraint</indexState>
<isSurrogateKey>false</isSurrogateKey>
<indexColumnUsage>
<colUsage columnID="A3B9C904-69B3-E42B-A657-1A5B7AF3D5BE"/>
<colUsage columnID="6793704F-5BB2-B3F2-BFBE-5E8815FD1C74"/>
</indexColumnUsage>
</ind_PK_UK>
<ind_PK_UK id="A983531A-8C3A-CE4B-1401-CC4D37AB47FA" name="receita_paciente_FK">
<createdBy>lulz_user</createdBy>
<createdTime>2025-09-28 21:41:59 UTC</createdTime>
<generatorID>02A78CAE-5E29-24DA-28A7-E32632900222</generatorID>
<ownerDesignName>sprint3</ownerDesignName>
<indexState>Foreign Key</indexState>
<isSurrogateKey>false</isSurrogateKey>
<indexColumnUsage>
<colUsage columnID="6793704F-5BB2-B3F2-BFBE-5E8815FD1C74"/>
</indexColumnUsage>
</ind_PK_UK>
</indexes>
</Table>