<?xml version = '1.0' encoding = 'UTF-8'?>
<Table class="oracle.dbtools.crest.model.design.relational.Table" directorySegmentName="seg_0" id="97CCFAA6-8943-B749-BBFA-8C9FA377992B" name="paciente">
<createdBy>lulz_user</createdBy>
<createdTime>2025-09-28 21:41:59 UTC</createdTime>
<generatorID>6767C68B-5B0E-C940-826F-00D558FE443C</generatorID>
<ownerDesignName>sprint3</ownerDesignName>
<allowColumnReorder>false</allowColumnReorder>
<existDependencyGenerateInDDl>true</existDependencyGenerateInDDl>
<parsed>true</parsed>
<columns itemClass="oracle.dbtools.crest.model.design.relational.Column">
<Column name="id_paci" id="1491006B-9EB6-9012-9B3C-73770D197E20">
<createdBy>lulz_user</createdBy>
<createdTime>2025-09-28 21:41:59 UTC</createdTime>
<generatorID>0D9D5F23-9520-7987-C87B-EB7C94874096</generatorID>
<ownerDesignName>sprint3</ownerDesignName>
<useDomainConstraints>false</useDomainConstraints>
<use>1</use>
<logicalDatatype>LOGDT019</logicalDatatype>
<dataTypePrecision>3</dataTypePrecision>
<ownDataTypeParameters>,3,</ownDataTypeParameters>
<autoIncrementCycle>false</autoIncrementCycle>
</Column>
<Column name="nm_paci" id="68CB9DFE-EB66-03B9-AF63-EC7BE0943551">
<createdBy>lulz_user</createdBy>
<createdTime>2025-09-28 21:41:59 UTC</createdTime>
<generatorID>5C52F6D0-A05C-618D-4698-D7BC900A2130</generatorID>
<ownerDesignName>sprint3</ownerDesignName>
<useDomainConstraints>false</useDomainConstraints>
<use>1</use>
<logicalDatatype>LOGDT024</logicalDatatype>
<dataTypeSize>40</dataTypeSize>
<ownDataTypeParameters>40,,</ownDataTypeParameters>
<autoIncrementCycle>false</autoIncrementCycle>
</Column>
<Column name="cpf" id="53723B0C-DFD4-C720-FA93-597EE3D950B3">
<createdBy>lulz_user</createdBy>
<createdTime>2025-09-28 21:41:59 UTC</createdTime>
<generatorID>E0B86D3F-AA01-F0BB-38BD-04C1ED30D14A</generatorID>
<ownerDesignName>sprint3</ownerDesignName>
<useDomainConstraints>false</useDomainConstraints>
<use>1</use>
<logicalDatatype>LOGDT019</logicalDatatype>
<dataTypePrecision>11</dataTypePrecision>
<ownDataTypeParameters>,11,</ownDataTypeParameters>
<autoIncrementCycle>false</autoIncrementCycle>
</Column>
<Column name="senha" id="565B6203-E307-369C-BEB4-59B6B3EA31DA">
<createdBy>lulz_user</createdBy>
<createdTime>2025-09-28 21:41:59 UTC</createdTime>
<generatorID>3E877DAA-756E-87CE-4D85-8B747C50F22A</generatorID>
<ownerDesignName>sprint3</ownerDesignName>
<useDomainConstraints>false</useDomainConstraints>
<use>1</use>
<logicalDatatype>LOGDT024</logicalDatatype>
<dataTypeSize>10</dataTypeSize>
<ownDataTypeParameters>10,,</ownDataTypeParameters>
<autoIncrementCycle>false</autoIncrementCycle>
</Column>
</columns>
<indexes itemClass="oracle.dbtools.crest.model.design.relational.Index">
<ind_PK_UK id="AB7C78CA-E4BE-56D2-705F-3B7DF55DD706" name="paciente_PK">
<createdBy>lulz_user</createdBy>
<createdTime>2025-09-28 21:41:59 UTC</createdTime>
<generatorID>30886F93-3C91-AE6A-2781-EAE62A2CFFDE</generatorID>
<ownerDesignName>sprint3</ownerDesignName>
<pk>true</pk>
<indexState>Primary Constraint</indexState>
<isSurrogateKey>false</isSurrogateKey>
<indexColumnUsage>
<colUsage columnID="1491006B-9EB6-9012-9B3C-73770D197E20"/>
</indexColumnUsage>
</ind_PK_UK>
</indexes>
</Table>