<?xml version = '1.0' encoding = 'UTF-8'?>
<Table class="oracle.dbtools.crest.model.design.relational.Table" directorySegmentName="seg_0" id="F2D3BAC8-14DD-4ED2-A76F-DC0663212209" name="consulta">
<createdBy>lulz_user</createdBy>
<createdTime>2025-09-28 21:41:59 UTC</createdTime>
<generatorID>A0F7EED9-1FBC-3517-E22A-0BE19297DEF1</generatorID>
<ownerDesignName>sprint3</ownerDesignName>
<allowColumnReorder>false</allowColumnReorder>
<existDependencyGenerateInDDl>true</existDependencyGenerateInDDl>
<parsed>true</parsed>
<columns itemClass="oracle.dbtools.crest.model.design.relational.Column">
<Column name="id_consulta" id="50FC2CD7-9979-DA05-FE35-FE9DB2484DEA">
<createdBy>lulz_user</createdBy>
<createdTime>2025-09-28 21:41:59 UTC</createdTime>
<generatorID>C49ADB22-E807-8D0F-EF3B-9999965165F9</generatorID>
<ownerDesignName>sprint3</ownerDesignName>
<useDomainConstraints>false</useDomainConstraints>
<use>1</use>
<logicalDatatype>LOGDT019</logicalDatatype>
<dataTypePrecision>8</dataTypePrecision>
<ownDataTypeParameters>,8,</ownDataTypeParameters>
<autoIncrementCycle>false</autoIncrementCycle>
</Column>
<Column name="medicamento" id="AA314869-8865-347E-8666-7FECF6CB9426">
<createdBy>lulz_user</createdBy>
<createdTime>2025-09-28 21:41:59 UTC</createdTime>
<generatorID>A8B31834-72A6-D564-CD31-968F24413847</generatorID>
<ownerDesignName>sprint3</ownerDesignName>
<useDomainConstraints>false</useDomainConstraints>
<use>1</use>
<logicalDatatype>LOGDT024</logicalDatatype>
<dataTypeSize>50</dataTypeSize>
<ownDataTypeParameters>50,,</ownDataTypeParameters>
<autoIncrementCycle>false</autoIncrementCycle>
</Column>
<Column name="prescricao" id="952769C8-2C32-B07E-2AD8-645C14073A8B">
<createdBy>lulz_user</createdBy>
<createdTime>2025-09-28 21:41:59 UTC</createdTime>
<generatorID>A51F24AA-5628-13A3-3A07-F515B477AB93</generatorID>
<ownerDesignName>sprint3</ownerDesignName>
<useDomainConstraints>false</useDomainConstraints>
<use>1</use>
<logicalDatatype>LOGDT024</logicalDatatype>
<dataTypeSize>200</dataTypeSize>
<ownDataTypeParameters>200,,</ownDataTypeParameters>
<autoIncrementCycle>false</autoIncrementCycle>
</Column>
<Column name="paciente_id_paci" id="19FD9FA5-58F0-F508-6564-7EAFC34F30B6">
<createdBy>lulz_user</createdBy>
<createdTime>2025-09-28 21:41:59 UTC</createdTime>
<generatorID>8E9886F7-A23F-22C4-75EA-AD5BEEAC26E0</generatorID>
<ownerDesignName>sprint3</ownerDesignName>
<useDomainConstraints>false</useDomainConstraints>
<use>1</use>
<logicalDatatype>LOGDT019</logicalDatatype>
<dataTypePrecision>3</dataTypePrecision>
<ownDataTypeParameters>,,</ownDataTypeParameters>
<previousColumn>false</previousColumn>
<autoIncrementCycle>false</autoIncrementCycle>
<associations>
<colAssociation fkAssociation="1FBE02BD-52D7-EC00-4E4C-B688DA298C02" referredColumn="1491006B-9EB6-9012-9B3C-73770D197E20"/>
</associations>
</Column>
</columns>
<indexes itemClass="oracle.dbtools.crest.model.design.relational.Index">
<ind_PK_UK id="CE13BA5B-8376-0B1C-DCDC-88B16D94ADD4" name="consulta_PK">
<createdBy>lulz_user</createdBy>
<createdTime>2025-09-28 21:41:59 UTC</createdTime>
<generatorID>5F997194-F34C-4256-F704-4F8A2BE1E89B</generatorID>
<ownerDesignName>sprint3</ownerDesignName>
<pk>true</pk>
<indexState>Primary Constraint</indexState>
<isSurrogateKey>false</isSurrogateKey>
<indexColumnUsage>
<colUsage columnID="50FC2CD7-9979-DA05-FE35-FE9DB2484DEA"/>
<colUsage columnID="19FD9FA5-58F0-F508-6564-7EAFC34F30B6"/>
</indexColumnUsage>
</ind_PK_UK>
<ind_PK_UK id="C3127E07-E288-E151-6EE0-AA72E2E44FB2" name="consulta_paciente_FK">
<createdBy>lulz_user</createdBy>
<createdTime>2025-09-28 21:41:59 UTC</createdTime>
<generatorID>0301C526-FB3A-E7B5-C53E-3E6B4320E5FD</generatorID>
<ownerDesignName>sprint3</ownerDesignName>
<indexState>Foreign Key</indexState>
<isSurrogateKey>false</isSurrogateKey>
<indexColumnUsage>
<colUsage columnID="19FD9FA5-58F0-F508-6564-7EAFC34F30B6"/>
</indexColumnUsage>
</ind_PK_UK>
</indexes>
</Table>