<?xml version = '1.0' encoding = 'UTF-8'?>
<Diagram class="oracle.dbtools.crest.swingui.logical.DPVLogical" name="Logical" id="C4A7A2CB-369C-4406-D92C-082448318303">
<createdBy>labsfiap</createdBy>
<modifiedBy>labsfiap</modifiedBy>
<createdTime>2025-09-09 11:10:10 UTC</createdTime>
<autoRoute>false</autoRoute>
<boxInbox>true</boxInbox>
<showLegend>false</showLegend>
<showLabels>false</showLabels>
<showRelAttributes>false</showRelAttributes>
<gridEnabled>false</gridEnabled>
<showGrid>false</showGrid>
<diagramColor>-1</diagramColor>
<display>false</display>
<notation>2</notation>
<objectViews>
<OView class="oracle.dbtools.crest.swingui.logical.TVEntity" oid="6767C68B-5B0E-C940-826F-00D558FE443C" otype="Entity" vid="302FEF4B-D4AA-2DD0-A4C7-BD84BD981610">
<hideElementsInCurrentOnly>false</hideElementsInCurrentOnly>
<bounds x="223" y="11" width="154" height="89"/>
</OView>
<OView class="oracle.dbtools.crest.swingui.logical.TVEntity" oid="A0F7EED9-1FBC-3517-E22A-0BE19297DEF1" otype="Entity" vid="3CF4F527-8593-326D-1903-BF26FD1EB3B4">
<hideElementsInCurrentOnly>false</hideElementsInCurrentOnly>
<bounds x="9" y="11" width="177" height="89"/>
</OView>
<OView class="oracle.dbtools.crest.swingui.logical.TVEntity" oid="CA6126C5-9F7A-FF1C-CA09-E0E7E2A86261" otype="Entity" vid="05A7D742-F3E0-AB98-3188-19A2C7EF0018">
<hideElementsInCurrentOnly>false</hideElementsInCurrentOnly>
<bounds x="419" y="13" width="166" height="111"/>
</OView>
</objectViews>
<connectors>
<Connector class="oracle.dbtools.crest.swingui.logical.TVRelation" oid="02A78CAE-5E29-24DA-28A7-E32632900222" otype="Relation" vid_source="302FEF4B-D4AA-2DD0-A4C7-BD84BD981610" vid_target="05A7D742-F3E0-AB98-3188-19A2C7EF0018">
<hideElementsInCurrentOnly>false</hideElementsInCurrentOnly>
<backgroundColor>-16777216</backgroundColor>
<lineWidth>1</lineWidth>
<points>
<point x="377" y="41"/>
<point x="419" y="41"/>
</points>
</Connector>
<Connector class="oracle.dbtools.crest.swingui.logical.TVRelation" oid="0301C526-FB3A-E7B5-C53E-3E6B4320E5FD" otype="Relation" vid_source="302FEF4B-D4AA-2DD0-A4C7-BD84BD981610" vid_target="3CF4F527-8593-326D-1903-BF26FD1EB3B4">
<hideElementsInCurrentOnly>false</hideElementsInCurrentOnly>
<backgroundColor>-16777216</backgroundColor>
<lineWidth>1</lineWidth>
<points>
<point x="223" y="55"/>
<point x="186" y="55"/>
</points>
</Connector>
</connectors>
</Diagram>